{
    "faithfulness": {
        "mean": 0.30454545454545456,
        "median": 0.25,
        "std_dev": 0.33306266066723234,
        "non_none_percentage": 78.57142857142857
    },
    "precision": {
        "mean": 0.24361666346162733,
        "median": 0.27329192546583847,
        "std_dev": 0.2282162667245817,
        "non_none_percentage": 78.57142857142857
    },
    "recall": {
        "mean": 0.09357621316136751,
        "median": 0.05284926470588235,
        "std_dev": 0.10619927409035615,
        "non_none_percentage": 78.57142857142857
    },
    "semantic_similarity": {
        "mean": 0.7775579788384204,
        "median": 0.7796194569890438,
        "std_dev": 0.07277198339325452,
        "non_none_percentage": 78.57142857142857
    },
    "pdf-faithfulness": {
        "mean": 0.4916666666666667,
        "median": 0.5,
        "std_dev": 0.23532698077098574,
        "non_none_percentage": 42.857142857142854
    },
    "pdf-precision": {
        "mean": 0.28317421445232543,
        "median": 0.3133116883116883,
        "std_dev": 0.10102900071533892,
        "non_none_percentage": 42.857142857142854
    },
    "pdf-recall": {
        "mean": 0.16117914098935596,
        "median": 0.14189189189189189,
        "std_dev": 0.08540201886121931,
        "non_none_percentage": 42.857142857142854
    },
    "pdf-semantic_similarity": {
        "mean": 0.8567928728874872,
        "median": 0.8673459552304417,
        "std_dev": 0.030140646402418803,
        "non_none_percentage": 42.857142857142854
    },
    "status": "accepted"
}