{
    "faithfulness": {
        "mean": 0.12,
        "median": 0.0,
        "std_dev": 0.3053901732124608,
        "non_none_percentage": 76.92307692307693
    },
    "precision": {
        "mean": 0.16952380952380952,
        "median": 0.0,
        "std_dev": 0.3628479991480429,
        "non_none_percentage": 76.92307692307693
    },
    "recall": {
        "mean": 0.020174165457184326,
        "median": 0.0,
        "std_dev": 0.08588396505597079,
        "non_none_percentage": 76.92307692307693
    },
    "semantic_similarity": {
        "mean": 0.6983782861294436,
        "median": 0.6843073125478552,
        "std_dev": 0.04431979596136542,
        "non_none_percentage": 76.92307692307693
    },
    "pdf-faithfulness": {
        "mean": NaN,
        "median": NaN,
        "std_dev": NaN,
        "non_none_percentage": 0.0
    },
    "pdf-precision": {
        "mean": null,
        "median": null,
        "std_dev": null,
        "non_none_percentage": null
    },
    "pdf-recall": {
        "mean": null,
        "median": null,
        "std_dev": null,
        "non_none_percentage": null
    },
    "pdf-semantic_similarity": {
        "mean": NaN,
        "median": NaN,
        "std_dev": NaN,
        "non_none_percentage": 0.0
    },
    "status": "rejected"
}